time,AMB_TEMP,CH4,CO,NMHC,NO,NO2,NOx,O3,PM10,PM2.5,RH,SO2,THC,WD_HR(SIN),WD_HR(COS),WD_HR,WIND_SPEED,WS_HR,aqi
2022/1/1 00:00,15.4,2.24,0.44,0.17,1.5,21.7,23.3,6.8,41,27,78,2.1,2.41,-0.999847695,-0.017452406,269,1.9,1.4,54
2022/1/1 00:57,15.1,2.29,0.45,0.17,1.9,21.2,23.2,7.1,45,31,80,2.1,2.46,-0.992546152,0.121869343,277,1.1,1,60
2022/1/1 01:55,15.8,2.22,0.45,0.14,1.7,21.7,23.5,9.3,41,28,78,2,2.36,0.190808995,0.981627183,11,1.1,0.3,67
2022/1/1 03:07,15.5,2.85,0.47,0.19,2,21.3,23.3,5.4,42,31,79,1.8,3.04,0.573576436,-0.819152044,145,0.9,0.4,71
2022/1/1 04:04,15.3,2.47,0.49,0.23,2.9,22.7,25.6,1.5,47,35,81,1.8,2.7,-0.342020143,-0.939692621,200,1.1,0.4,75
2022/1/1 05:02,15,2.38,0.45,0.2,2.7,21.4,24.1,2,41,32,83,1.6,2.58,-0.999390827,-0.034899497,268,0.4,0.6,79
